"n","p","epsilon","X1","X2","X3","X4","X5","X6","X7","X8","X9","X10","X11","X12","X13","X14","X15","X16","X17","X18","X19","X20","X21","X22","X23","X24","X25","X26","X27","X28","X29","X30","X31","X32","X33","X34","X35","X36","X37","X38","X39","X40","X41","X42","X43","X44","X45","X46","X47","X48","X49","X50","X51","X52","X53","X54","X55","X56","X57","X58","X59","X60","X61","X62","X63","X64","X65","X66","X67","X68","X69","X70","X71","X72","X73","X74","X75","X76","X77","X78","X79","X80","X81","X82","X83","X84","X85","X86","X87","X88","X89","X90","X91","X92","X93","X94","X95","X96","X97","X98","X99","X100","X101","X102","X103","X104","X105","X106","X107","X108","X109","X110","X111","X112","X113","X114","X115","X116","X117","X118","X119","X120"
100,1,0.5,-0.0288202698322057,-0.0370200844232283,-0.0745555342763909,-0.0367835032099546,-0.0465881499939532,-0.0163189066688615,-0.0586394945676341,-0.0324993752796161,-0.0365456764290884,-0.048956436116441,-0.0317566943185304,-0.0426356434827216,-0.0354152536275051,-0.0603713635518056,-0.0429068977123721,-0.0155248689382923,-0.0556626466845205,-0.0666224178751326,-0.0221068049702821,-0.0517454161300618,-0.0659105281527855,-0.0475909008604368,-0.0145216993785795,-0.0360982454633915,-0.0744266711013651,-0.026078138740601,-0.0670333405532734,-0.0381364373039807,-0.0475819763618216,-0.0683925523810322,-0.0529402782100815,-0.0396825477719135,-0.0241647200788813,-0.0838165538575031,-0.0435563088119528,-0.0428716974753174,-0.0499455622139436,-0.0665124029539907,-0.0546650891611805,-0.0449593074138018,-0.0300598334537597,-0.0543488750143138,-0.0449123232707343,-0.0352600775164888,-0.0444638228387007,-0.041015082535317,-0.0395918721512726,-0.049712667916414,-0.0715158957579685,-0.0527557095016682,-0.0412711286796955,-0.0437984542766736,-0.0544531720371202,-0.0596639960946952,-0.0329923630681917,-0.0426887472952631,-0.0658432929004881,-0.0380529730275091,-0.0450949572757527,-0.0460175660679231,-0.0512697133823743,-0.0587314638206215,-0.0477500304883499,-0.0485814813271509,-0.0583312868119061,-0.0606947055183504,-0.0465991767576746,-0.0479885548551607,-0.059026610365636,-0.0543770751341863,-0.0334384022920845,-0.0480882136656104,-0.0364560224477768,-0.050456851997867,-0.0331103689437101,-0.0459085342623934,-0.0355282499909048,-0.0321752582818177,-0.0274116506442061,-0.0269118884071301,-0.0396844174554643,-0.0249990946124731,-0.0520764657524079,-0.0344274708874699,-0.0524756034839889,-0.0498994054773132,-0.0270489755478022,-0.0728827593725571,-0.0443693904759539,-0.0632580506003158,0.00256799763655396,-0.0561313492636779,-0.0308143531435712,-0.028209125577677,-0.0609359493472026,-0.0545332042886596,-0.0566933686371571,-0.0298380983737442,-0.0310417716067797,-0.0650066563061024,-0.0432681975285169,-0.0411342295749858,-0.0407918010324248,-0.0536077691337512,-0.0436059017725495,-0.076646601707278,-0.0667848502968706,-0.0603906789133964,-0.0524798875455334,-0.0366348597083543,-0.0166448839098515,-0.0545980103930978,-0.03111268333004,-0.0779750562797893,-0.0275928905516966,-0.0368122753485386,-0.0413828137502819,-0.0258177008252405,-0.0526876390846321,-0.0615090467586791
175,1,0.5,-0.226474027878402,-0.231741833992608,-0.231081003186666,-0.223992615354572,-0.221630235776503,-0.235616254445823,-0.22143185106507,-0.227227468088595,-0.271513666319348,-0.227178495641414,-0.235596791647611,-0.223780585875136,-0.242014189511702,-0.240219497897556,-0.22540899303857,-0.249025903477387,-0.237079781685509,-0.223882949294403,-0.240063520352217,-0.215941661217651,-0.244043931631618,-0.246303159407518,-0.244827954507949,-0.230660765365832,-0.251986352353848,-0.231293428779879,-0.241135706953629,-0.228966291194584,-0.24055395300478,-0.24691174529571,-0.216623981374151,-0.238030440605864,-0.239382294821934,-0.234881517614729,-0.23518440497134,-0.221786220538136,-0.202383551976755,-0.224790696559272,-0.220067110357652,-0.207434447110372,-0.223101990416688,-0.230121821780564,-0.232066739773291,-0.226831670318415,-0.225347659853203,-0.206829861530814,-0.232503718883674,-0.225861374487962,-0.236553200149698,-0.21272513623268,-0.229295232791777,-0.238748930632419,-0.222857994141407,-0.247670437171401,-0.2422162635206,-0.252164359781768,-0.241231819391001,-0.220400669222546,-0.2517542504111,-0.227820311422873,-0.229757643797777,-0.249692194100833,-0.25806909007779,-0.233316302855416,-0.210567835092608,-0.237768625362107,-0.224813419259203,-0.229640858879037,-0.235700969397666,-0.251566325471963,-0.233026087459125,-0.229439685456849,-0.224279368184515,-0.234893379523591,-0.226485878730663,-0.239371848923095,-0.242115458148691,-0.220160350166406,-0.228207175160854,-0.216448320196691,-0.217635501715925,-0.222342970720219,-0.229453454802497,-0.199814460501622,-0.233748890454822,-0.220585529928602,-0.229296278747983,-0.230301526176008,-0.24007482923947,-0.24628736669268,-0.240178671495149,-0.254480481004504,-0.246317508119733,-0.22607102040598,-0.238520013248844,-0.244031892802008,-0.215993283523339,-0.240004357769686,-0.236427494688917,-0.249202952985378,-0.211642633930724,-0.224727744672688,-0.225952600740846,-0.239884364681312,-0.218215903623936,-0.229922819802852,-0.216623324003913,-0.222054401492592,-0.237064005645987,-0.214769239655355,-0.255866342493095,-0.228301694185536,-0.226708163102209,-0.251537580621054,-0.233059062549279,-0.242229307823951,-0.230517636735555,-0.224466899685269,-0.242042982235433,-0.234146046182373
250,1,0.5,-0.378709631156047,-0.386608856197437,-0.393818152014975,-0.38333043590814,-0.421343273409141,-0.384541300845143,-0.409977643292052,-0.406406185297638,-0.39612398784437,-0.376913094340138,-0.381661802377204,-0.39873379755089,-0.381580732805567,-0.395334236177399,-0.392178206346977,-0.39213800456044,-0.397707714128753,-0.383399462936429,-0.397318976178962,-0.384219400523815,-0.411280892317252,-0.401192311794135,-0.398486848375819,-0.377144893788206,-0.399036030107665,-0.390934504268097,-0.41665927931894,-0.397245866681383,-0.399900928404632,-0.402114234433685,-0.402240449258417,-0.404711359117076,-0.395134696140181,-0.395715950433074,-0.388140907809011,-0.384241708417487,-0.388207668211377,-0.415902970649931,-0.376726045462729,-0.385190406989935,-0.38896406569687,-0.399134672733521,-0.390009656874024,-0.384301606984522,-0.396545673448404,-0.384823375764315,-0.372277316488888,-0.381942222099689,-0.39601183800747,-0.395658182345078,-0.403199770948861,-0.414418832096611,-0.3983803090884,-0.403545181319353,-0.400430841335989,-0.370108006536252,-0.387266614757124,-0.388925689426144,-0.396629118641499,-0.40334125391156,-0.403924075690019,-0.396565531884951,-0.394346909894186,-0.38084468007027,-0.411340136721965,-0.388479305709545,-0.388297541033399,-0.401632422535499,-0.390253134714268,-0.384962129586277,-0.40413542177905,-0.398534733237291,-0.403546428496387,-0.409799395641617,-0.396118972410615,-0.403570851730807,-0.417742766188657,-0.398389294918017,-0.384970330996352,-0.375800120647732,-0.387088079615393,-0.390509562984922,-0.401132386189377,-0.384377496237361,-0.377592696674185,-0.405690098577223,-0.378581451676165,-0.389181352078672,-0.387542033921419,-0.398776895428335,-0.401142941134459,-0.405424268740755,-0.414550036560174,-0.397648277742465,-0.394782889202333,-0.388216760882014,-0.389768674053819,-0.396991135005335,-0.407177107655509,-0.388163630280912,-0.381593825503149,-0.406668174195255,-0.391421706069554,-0.38378651820038,-0.383539905984558,-0.393043060170155,-0.399741479697036,-0.390597265273887,-0.38507310313782,-0.370893397709473,-0.384747885148018,-0.40023186618907,-0.394523705318694,-0.395919417969555,-0.393010205847829,-0.400123476502751,-0.401594858874855,-0.391591260221141,-0.39349074420245,-0.390747790182307
325,1,0.5,-0.383178310578627,-0.377466215738643,-0.385375377615735,-0.401744131595882,-0.394463412894475,-0.387018003523943,-0.383285674654401,-0.394881258667772,-0.401975533868065,-0.38783811228744,-0.382084998166768,-0.393090432820941,-0.391269553550173,-0.37125094800126,-0.393199991965014,-0.396966491022186,-0.391942600795833,-0.392016257333897,-0.390102658422872,-0.382862526329848,-0.406211618818218,-0.395705055162764,-0.392832483449461,-0.384644181219129,-0.37466145242247,-0.381480921303448,-0.396339415898091,-0.391479482652231,-0.387683292593686,-0.370540153414242,-0.381575886016941,-0.391805700289472,-0.381528710613116,-0.390038854480902,-0.386840824334559,-0.393798760862048,-0.388164073791806,-0.39131949418262,-0.384857718368396,-0.376015596781076,-0.384979935866625,-0.396843297854361,-0.37915113963297,-0.381335697810177,-0.393949819600867,-0.373121233265277,-0.383563595538079,-0.391704468672848,-0.397775094160219,-0.384369327449913,-0.392715232683788,-0.383777417355056,-0.380530723371751,-0.378990260091564,-0.395402032119598,-0.390204873849506,-0.386042911666264,-0.386631586011786,-0.386923125346006,-0.382212709504118,-0.373266497909681,-0.380057936138059,-0.384671381079195,-0.376353018074294,-0.382613922529141,-0.381678321218012,-0.378788043623527,-0.391770187586222,-0.388172484956795,-0.384602734813673,-0.382632674425358,-0.38120069269295,-0.379350564135198,-0.377872132209511,-0.39591216216185,-0.372396331184531,-0.390427875686274,-0.389407380391446,-0.405756987543885,-0.382595980129432,-0.381057392551466,-0.393750140528311,-0.389180900919948,-0.386221595306818,-0.372915646380025,-0.387649464639737,-0.376166878395684,-0.382530086651875,-0.39920566472483,-0.398959003820884,-0.384462048747273,-0.389631843960902,-0.370290073198837,-0.383268982516926,-0.377211773634172,-0.3848516942688,-0.385148529636596,-0.376719686700157,-0.380442915917851,-0.377138823094799,-0.388904578919822,-0.39886585275566,-0.390054540770419,-0.406320273147019,-0.382058459969996,-0.367568920608373,-0.391411602787193,-0.395427567449542,-0.403383620256449,-0.388893200282944,-0.402933200608801,-0.393353386444336,-0.392996879538496,-0.391464295954078,-0.393930322038811,-0.378973940286741,-0.372200426671461,-0.408732620279984,-0.386565869229612,-0.377828110219182
400,1,0.5,-0.482856466055652,-0.48488332248801,-0.481950441877525,-0.488395713622146,-0.480852579140175,-0.500482102173315,-0.487631855094053,-0.481103261135378,-0.472508664656818,-0.499975857619325,-0.487701783088311,-0.486874031503625,-0.483326863040295,-0.484832707672779,-0.486746461839918,-0.496182750004225,-0.48479153364441,-0.472894416947098,-0.496803369249739,-0.483842003495453,-0.490509142037179,-0.500914557117364,-0.491620079544925,-0.483306494735532,-0.488187492486404,-0.47941840416561,-0.495747768055285,-0.495147888428298,-0.482561320738482,-0.495136095314986,-0.49636309904532,-0.473162415404943,-0.470452567868496,-0.49022311770852,-0.482405071045378,-0.477256850433433,-0.475215153368823,-0.475450264407424,-0.485397061627503,-0.479116055310149,-0.486837978772849,-0.486663001710125,-0.501744781672128,-0.495624199892943,-0.48813652688503,-0.494246931722377,-0.491637504514908,-0.496351453536166,-0.480812038138557,-0.496675900496294,-0.485727931773544,-0.484679154678911,-0.491568734786253,-0.482131682529909,-0.500075717469488,-0.493355469486001,-0.487090399458965,-0.483612979613064,-0.481531828207492,-0.501474271885651,-0.495339026971131,-0.476811858658531,-0.494367031998702,-0.484485752942502,-0.490370537004964,-0.48249331529059,-0.502153990942145,-0.486417304878081,-0.500787337706117,-0.479137595960127,-0.487682443982122,-0.475721205492857,-0.484387723561984,-0.480078277601295,-0.489253696441842,-0.502954257778048,-0.487260456913243,-0.495351222565234,-0.479732641338055,-0.494582069551153,-0.486972596663868,-0.47945622136979,-0.50524521287031,-0.489946928436288,-0.467686294380069,-0.4881795418485,-0.490469582702272,-0.484045474757348,-0.487686205648637,-0.490474459831299,-0.482755630854199,-0.489925514807649,-0.48227582151657,-0.481573794397444,-0.487446359474375,-0.495654775810863,-0.483549596594186,-0.492681107591302,-0.482331695687182,-0.476345593224029,-0.50881254516994,-0.495821401595022,-0.498058673287646,-0.477375100113396,-0.483595909286697,-0.485745755152093,-0.474245165839841,-0.482921119241219,-0.492683410892393,-0.480605398185307,-0.493100036700054,-0.49119972181884,-0.494677068297106,-0.491654413044643,-0.49107915413983,-0.4908310707516,-0.486339294993708,-0.480358021435123,-0.486090278197703,-0.480161407758706
475,1,0.5,-0.525471072292583,-0.540075106063326,-0.551004756134057,-0.543707811097847,-0.54485085722437,-0.550493784103224,-0.54226402107043,-0.536643311203282,-0.554067074061195,-0.541443890436057,-0.548378484415865,-0.54478985875949,-0.553840729674913,-0.536330928165996,-0.549853026615491,-0.525527174936194,-0.539151912768061,-0.543211079448544,-0.547451735504686,-0.543057722717417,-0.547064469686109,-0.537538832937821,-0.555458835169592,-0.548159880332776,-0.540645857318649,-0.542984758024942,-0.558309160193915,-0.537807781586838,-0.549220443965603,-0.559928066316852,-0.532110596036441,-0.548054064699096,-0.552002522841567,-0.565678295562306,-0.546556453012927,-0.543425134717954,-0.530193739204442,-0.553530435756204,-0.553590903238414,-0.552403640713633,-0.537309097997401,-0.546529097318099,-0.556725120341444,-0.548307200139818,-0.545046412187983,-0.55191797511155,-0.559743796638786,-0.558546767699485,-0.556450650586736,-0.556326365374452,-0.539357040015666,-0.547752250507114,-0.552443686163111,-0.548916437873312,-0.53873294456976,-0.542458802814224,-0.543970033200917,-0.54109221707793,-0.534811621069775,-0.537162754487244,-0.555942653994686,-0.542725277997643,-0.532246137532153,-0.56155369342281,-0.54030591895066,-0.545405063534762,-0.549347040957801,-0.551366012071274,-0.548685087401342,-0.547574624733484,-0.539577905036393,-0.544000412195934,-0.542591527333357,-0.540876118237727,-0.546773901612448,-0.537157523285867,-0.5528771657019,-0.537246095825544,-0.542814176479849,-0.530275658085153,-0.540989604718801,-0.539200440872054,-0.545031810592171,-0.552393891812855,-0.548060751116313,-0.53616149173229,-0.542922675313243,-0.553260285552831,-0.540450744505304,-0.538341553230227,-0.551998314718607,-0.545487047392809,-0.547146253406342,-0.549679891631667,-0.559276137692791,-0.535523821375561,-0.547583145400059,-0.54158507173588,-0.533720191410719,-0.558840732243842,-0.554067407318616,-0.543406973131021,-0.553285650069349,-0.539964689529062,-0.535701000516331,-0.545750694231764,-0.539488377126436,-0.541991852080059,-0.550297463770869,-0.552725864814934,-0.542144765711284,-0.550132726021594,-0.551093844223313,-0.542651568279663,-0.537464241266189,-0.547177515144153,-0.527795799359032,-0.551978046702851,-0.540217339038414,-0.538149523808739
550,1,0.5,-0.607850969951183,-0.602051385052643,-0.597404698523893,-0.608866261530028,-0.593134357699376,-0.607343812943302,-0.610680368702486,-0.590494398032853,-0.604445892945969,-0.589782445606581,-0.596748746401309,-0.60748808500225,-0.607498089389105,-0.600899539782025,-0.608526745012728,-0.603563162607057,-0.595023178885276,-0.600755537077317,-0.603780629494037,-0.606299896930916,-0.602932654023256,-0.610610852392539,-0.606827997179349,-0.601609926588774,-0.603576590193721,-0.591225744588996,-0.596756390932765,-0.606457205813235,-0.590696011601688,-0.606791919101781,-0.597525396656909,-0.60695802813235,-0.600955795782661,-0.599403686272201,-0.595718928074068,-0.604623859180549,-0.595132467511599,-0.616052993669795,-0.596202123571791,-0.596532800641475,-0.596838285310017,-0.599020047226479,-0.593447907441377,-0.613145447285215,-0.606149401434382,-0.606124943067743,-0.595328587432885,-0.598708403845267,-0.615469482356445,-0.593155575120257,-0.604014727087452,-0.611817583265067,-0.592870429020837,-0.605059798439704,-0.593347955672431,-0.59870565602313,-0.609195368142778,-0.604818388543025,-0.597479789519843,-0.612813019192774,-0.607753260955662,-0.591796716361164,-0.604490864499736,-0.601146748498897,-0.607151214944911,-0.606096358042942,-0.599597440864919,-0.603180103497336,-0.607577962288642,-0.602305594530884,-0.596669302735779,-0.590784685843758,-0.609350733331549,-0.600494656729228,-0.603990311522546,-0.593314328063029,-0.611076717109518,-0.600597605641287,-0.600289919517523,-0.601510868320888,-0.601821393669956,-0.601907352273685,-0.59396498087732,-0.601654164756027,-0.601737960572038,-0.611982729560968,-0.59462820377043,-0.603146299609734,-0.595006839128159,-0.610806763608517,-0.604989725821379,-0.60651911954949,-0.609965774220263,-0.604588705128892,-0.613765640586904,-0.596009883808927,-0.600258186416279,-0.603180584670804,-0.607622016750793,-0.606669007423173,-0.603210090341261,-0.597977816962793,-0.599483357785511,-0.597105919792617,-0.59676354648037,-0.59052010920889,-0.610905467272599,-0.608757632407926,-0.600228979321561,-0.610989369749804,-0.600935924922275,-0.603898014908832,-0.586116009587014,-0.613791818230703,-0.602868563832164,-0.601785801672769,-0.604315021726051,-0.594096554501557,-0.601092488753726,-0.591103712011123
625,1,0.5,-0.641573246065816,-0.647917129864084,-0.639884100264228,-0.643300120078129,-0.634466289045911,-0.636511306845418,-0.631223830308778,-0.6337985657382,-0.639241021099405,-0.642134576261123,-0.649482010286737,-0.627715360700089,-0.632677929833852,-0.646356928497975,-0.637712037614522,-0.633036081044577,-0.639071068919175,-0.622564570186153,-0.629061500329221,-0.640206180056815,-0.627777315636278,-0.629494120421711,-0.633718251498238,-0.633273365791917,-0.643991479531937,-0.631119610317575,-0.625500593091078,-0.651561051613293,-0.634273617174337,-0.633007857888679,-0.642179742843534,-0.638159916234911,-0.631875561400707,-0.633152102432162,-0.622722456834575,-0.632527278512884,-0.639985035068659,-0.629052834148206,-0.634146534536717,-0.640599487022263,-0.62708377723582,-0.639436684801842,-0.631467573854175,-0.628836530879173,-0.629058717473834,-0.638676083089105,-0.630900360644859,-0.630484894229102,-0.642765684629668,-0.636376313666598,-0.640192677872626,-0.636872775861847,-0.638789922455705,-0.6330084761772,-0.63879433616575,-0.636689988348511,-0.637283495650234,-0.636402537984745,-0.626527067250995,-0.640941951025594,-0.636422645489991,-0.640483694801752,-0.643561017077543,-0.641397814583037,-0.639601978313591,-0.641334795547055,-0.632004342014925,-0.631194370751837,-0.630329763741026,-0.63832604437972,-0.633336896159055,-0.631868205925277,-0.631305172959058,-0.6223961314176,-0.625751791207261,-0.640495487540214,-0.633585049600313,-0.638406451275566,-0.632816406734207,-0.632541035901533,-0.631272513316812,-0.631998950279246,-0.642642401162116,-0.639622907314799,-0.633482684710824,-0.643056378799964,-0.644574926597823,-0.634535845940412,-0.646697995784722,-0.643757147755363,-0.625825047808792,-0.629429339150772,-0.641120444181275,-0.63751125216062,-0.63739140661434,-0.638217428449027,-0.646283636201656,-0.631514399090141,-0.629309649659812,-0.62853713393898,-0.642579026004944,-0.645100678501567,-0.641648344347923,-0.642020111515724,-0.640821442989524,-0.642704940218022,-0.641933226108755,-0.628287612251925,-0.632321972812015,-0.642283506889106,-0.640202896703487,-0.629725047599306,-0.625269578626716,-0.633140471081593,-0.629222352988042,-0.62556915462566,-0.634699402798174,-0.637694934557882,-0.639554408807763,-0.63220914515512
700,1,0.5,-0.657433717085116,-0.672319628004078,-0.665159080566045,-0.67433185827802,-0.672997859475766,-0.66771681085827,-0.685058464108075,-0.677406004202192,-0.668288450447928,-0.677988549902214,-0.671093550231265,-0.676576035485382,-0.67906114341914,-0.675858624867823,-0.675758017458757,-0.661574771228224,-0.669757818928869,-0.677957575478758,-0.676805037817652,-0.677614711584146,-0.678293294038689,-0.673493095775591,-0.668689491665808,-0.671300151649672,-0.672688810647661,-0.668064057544391,-0.674173560848395,-0.684085332038063,-0.671345132305634,-0.675062105529343,-0.680576411305623,-0.662655215610672,-0.6712014788495,-0.666326186129251,-0.6651180057057,-0.679448033909527,-0.678561184147943,-0.672899030356795,-0.668554891041583,-0.659966620738499,-0.667157775173367,-0.673834076515765,-0.673993802492399,-0.66839056503124,-0.674214749243797,-0.668169565559358,-0.672039694424187,-0.669425923154276,-0.666387656735595,-0.673830047453289,-0.673174072275888,-0.657292297764514,-0.667267828464995,-0.670438700256376,-0.679145329028674,-0.681754244695282,-0.677467648128141,-0.680981333765804,-0.678479725292636,-0.661857647504849,-0.669337729832007,-0.670260814443663,-0.679787971187264,-0.674893581344182,-0.660157277344162,-0.67035901266815,-0.677466600156694,-0.67456686798367,-0.677870333883711,-0.671164030145444,-0.675502138438754,-0.671755942343153,-0.66257039873166,-0.670885003209549,-0.668775565819517,-0.676190619887979,-0.664632830534328,-0.677472433921666,-0.659352187690737,-0.669914092495396,-0.670520775679287,-0.673209536864761,-0.673812880102711,-0.671197567915448,-0.668162704789774,-0.677126175193865,-0.669502813654411,-0.670548941511887,-0.669088495814277,-0.670975503075511,-0.669430261265347,-0.66815957718806,-0.672364594886223,-0.659880282303374,-0.671736981300584,-0.674567016782501,-0.679931725178127,-0.676242689996446,-0.671514227037213,-0.675192477559828,-0.664342910815137,-0.676553140314556,-0.680871092281165,-0.66960580980748,-0.67552656219817,-0.669059869228427,-0.676268784398254,-0.675457147159411,-0.671474163858591,-0.676793785230163,-0.662288917692246,-0.663367301124182,-0.677117172984137,-0.655449296653636,-0.664270698350146,-0.671810049557406,-0.667040338292103,-0.66988025935189,-0.671754231756998,-0.670193209348587
100,1,1,-0.307512205674939,-0.312215812955002,-0.355122382966395,-0.31667218197245,-0.319743515966546,-0.279717535614306,-0.329047274975641,-0.301460449496667,-0.29933391573452,-0.311793849654058,-0.297616445451948,-0.315182760902801,-0.313036818308722,-0.34619512857141,-0.325014132570207,-0.282557559793818,-0.318572737248952,-0.335857537336376,-0.289373456287078,-0.315064641732472,-0.353593221927202,-0.315483086357875,-0.274007965072875,-0.313470063530072,-0.361659229662174,-0.291417275085586,-0.345224016538596,-0.313366088647638,-0.325583842350963,-0.361661143045235,-0.329424914965101,-0.312992132989053,-0.308792055078358,-0.365178106325523,-0.315597153020397,-0.320401868220662,-0.331696975839935,-0.346524817123471,-0.324104780868402,-0.315504725864344,-0.309226513183114,-0.319816901964974,-0.316702814540409,-0.305205293061952,-0.334472628499458,-0.318422873783206,-0.30577883474564,-0.324507535918231,-0.364082441344927,-0.343175614228228,-0.320432852647045,-0.316333229184518,-0.324454311327227,-0.333583490783162,-0.310866148218633,-0.310729201808781,-0.336949661432842,-0.306468707263959,-0.310323433246258,-0.327298716574053,-0.328142559334615,-0.349073123129456,-0.320513251445981,-0.324930769754376,-0.336224754437765,-0.323503243716223,-0.312391353138039,-0.323306541315162,-0.336766228151683,-0.331372588016363,-0.30517862369284,-0.32303592268273,-0.29980366569679,-0.331272359583699,-0.300752363777187,-0.324119124724756,-0.317073457565558,-0.302263271209765,-0.315291511034009,-0.282929052980633,-0.321716003179926,-0.300196923067988,-0.339449785987764,-0.298536537763606,-0.347182695391712,-0.344205122343512,-0.315002464504454,-0.371872360437254,-0.317624257021657,-0.343598358530042,-0.27390388561743,-0.328465902990857,-0.312288747731694,-0.305089364368267,-0.354139343632746,-0.335926689336201,-0.343792741315618,-0.304432208689802,-0.322954096944986,-0.334610970967811,-0.328230229542608,-0.315581542473428,-0.331190741342155,-0.326182715133127,-0.310298958456356,-0.34922803929872,-0.349676946024227,-0.343967177626731,-0.327791090217731,-0.304299857260914,-0.290675301571325,-0.336271801439303,-0.302957258466954,-0.359733841762744,-0.29691476403804,-0.304711798679527,-0.313104158074892,-0.298932934385428,-0.315639957512876,-0.344806648630734
175,1,1,-0.395643322030998,-0.393952918852629,-0.393126531543855,-0.3862867602016,-0.38656506500193,-0.403076134350469,-0.390127667189435,-0.390364638767595,-0.439154439961725,-0.394739055489504,-0.399755549072525,-0.384319317120715,-0.400886219715979,-0.416281456745564,-0.388496265954992,-0.405364851381343,-0.395017763620665,-0.390355215335938,-0.402306704800026,-0.378313500716802,-0.407913261768144,-0.410104905697149,-0.409263154971094,-0.396568565464694,-0.415928588288661,-0.394605335381963,-0.39567469799281,-0.391842766493534,-0.406119404578068,-0.412017409851374,-0.378455874996229,-0.398945798797092,-0.398282293846254,-0.395919264672981,-0.398069477094792,-0.387568919327394,-0.361542829314416,-0.398133867809829,-0.384524998793394,-0.368958905379756,-0.385043283640369,-0.396273439230041,-0.398100034093037,-0.390966088665112,-0.388199838415547,-0.361224647424405,-0.399696849752292,-0.391319065449831,-0.405493189717041,-0.367122350229426,-0.398378913561946,-0.404333011897465,-0.388777905965945,-0.412912115761225,-0.407957019415203,-0.421306841135378,-0.403298577667458,-0.387016627611312,-0.415087830803442,-0.396401194872104,-0.394791581887908,-0.415248175892014,-0.431374613460268,-0.392225159281411,-0.37219097011961,-0.4069664456397,-0.390931598095337,-0.400068964089534,-0.400458237983798,-0.415415941562948,-0.399095453369664,-0.392320208415971,-0.388983907977997,-0.396958990783749,-0.389552815962668,-0.399394477859243,-0.397382145787131,-0.387621539530297,-0.394285700110235,-0.377387288275434,-0.381122851182437,-0.386118357062055,-0.394428211539572,-0.362146562767268,-0.391863344469178,-0.389179816322096,-0.389961766949589,-0.393082506436635,-0.400553854448984,-0.406867108396265,-0.399406221470667,-0.422472374196613,-0.421586336548917,-0.389637382475375,-0.397217605996203,-0.406802680948741,-0.375811475519055,-0.409597478903338,-0.40109501441996,-0.41029138795597,-0.384935997516803,-0.387410336471011,-0.39011697898763,-0.402760407873349,-0.383410232076973,-0.395889248347582,-0.37949256603109,-0.392856671545603,-0.399283364490125,-0.374916789755983,-0.416721502464064,-0.398606129165265,-0.391087072991723,-0.42186197038603,-0.391861014372611,-0.407479203501535,-0.396637862152212,-0.391302358511772,-0.398839859481076,-0.402019872942219
250,1,1,-0.491150177408596,-0.497331656709126,-0.502690085741066,-0.490803037325156,-0.527638379147444,-0.493694728644472,-0.526220447115032,-0.514607679688864,-0.504651976254397,-0.490803757303012,-0.491890000531805,-0.505573213311042,-0.48983682857142,-0.50609163329792,-0.499724560215912,-0.49998425771687,-0.507028047481356,-0.490373196632654,-0.502847683150308,-0.492353759983398,-0.524014912150712,-0.506753724111133,-0.502620282491181,-0.484600023717862,-0.501610999286787,-0.503985605152947,-0.525787330543878,-0.503463084184459,-0.51201092675117,-0.513942477095695,-0.508155227306152,-0.518520502164094,-0.509739905697964,-0.503157118164435,-0.494006610338981,-0.494940796093534,-0.501938784361284,-0.524485235135454,-0.48223801997971,-0.489457441851511,-0.495082913434926,-0.507015103549618,-0.503868889794999,-0.489662144298069,-0.50056546093488,-0.500456598310029,-0.479309627713474,-0.499629726381865,-0.50472269889034,-0.50247490216815,-0.513822464026885,-0.527171188537848,-0.509349211368842,-0.511731384658395,-0.510334274553522,-0.477915369781144,-0.498444434506836,-0.497659877011721,-0.500559457505183,-0.514173191599418,-0.514115135933226,-0.505647723455565,-0.506820184557693,-0.494222118289043,-0.525082894822894,-0.498568354972004,-0.496096188908291,-0.514037297800676,-0.495931706594835,-0.491930750040259,-0.511217182882363,-0.505336054775248,-0.512433736779397,-0.523114546139522,-0.507147960249442,-0.511550278135828,-0.524126527050336,-0.505208667060668,-0.492455805082887,-0.48123623288271,-0.494949154011229,-0.497676672363091,-0.515999506320266,-0.487381528834021,-0.489148962659609,-0.512360223443195,-0.485797364715038,-0.500938150626768,-0.492512007515824,-0.506231894105062,-0.511691709177634,-0.51374778608577,-0.522857807867686,-0.507067651655277,-0.504109360086016,-0.498942675938935,-0.503251039087389,-0.505859125641117,-0.517767192201902,-0.503698709826613,-0.491824569618842,-0.513377363348317,-0.501701705905117,-0.494548197615142,-0.487187240816404,-0.502559362974098,-0.511095001118499,-0.50470596109535,-0.493701542401896,-0.478297879601575,-0.493226830450584,-0.510546760556592,-0.501223539173759,-0.505517350527563,-0.503328442144011,-0.503234021023058,-0.508887554425415,-0.499600007481971,-0.507026868649494,-0.498885258540347
325,1,1,-0.497377953643181,-0.491847855295886,-0.496887488714472,-0.518630675634674,-0.507121486229657,-0.500844932210582,-0.49695380120976,-0.511772465734599,-0.521381997740898,-0.504527244857078,-0.493717538065491,-0.505730480776777,-0.50454268268125,-0.48317053527618,-0.510571985769415,-0.514420643480117,-0.506119476115117,-0.510483516613438,-0.505596763847838,-0.498155268378056,-0.521403739783863,-0.512096171510793,-0.506260528955633,-0.501727662885545,-0.489049628515128,-0.497643385984453,-0.510244330352829,-0.505849781001985,-0.501087745656709,-0.483549971935766,-0.498094878134929,-0.507923994655594,-0.4964208405899,-0.506051233996344,-0.500871282315003,-0.510566132739697,-0.501409584281097,-0.50225664915365,-0.502798352123153,-0.489339393866146,-0.502550340255967,-0.510874071693459,-0.490175645864129,-0.495787979386334,-0.510338638547082,-0.485954843132999,-0.498012932147458,-0.509331815734826,-0.513608673747738,-0.495958921862334,-0.505602564469976,-0.499265464149796,-0.49469542907813,-0.493088171530096,-0.509550011491785,-0.506609384407875,-0.499553800938359,-0.50140924530589,-0.499673290783544,-0.496394556153444,-0.487779566023445,-0.494081442593046,-0.500772906476963,-0.490662458533393,-0.498675065102889,-0.496048636112515,-0.492040846570826,-0.510662736702794,-0.502845162910599,-0.495715478199693,-0.498586611644173,-0.496212780454378,-0.494295844862516,-0.490129007420133,-0.513264307655199,-0.485085542262094,-0.505226020692159,-0.504058882531359,-0.524470713926569,-0.500839770025867,-0.496908943090374,-0.509350554384325,-0.506273411671512,-0.502652186042902,-0.486695558232285,-0.50395251419303,-0.490560370618146,-0.495558752152205,-0.518039533448794,-0.516455905064426,-0.503271837756986,-0.504237007580359,-0.486125779936423,-0.495988098632736,-0.491839902660521,-0.501182993589636,-0.497900628936909,-0.490544112437253,-0.497260177311294,-0.492120989196931,-0.508635001980027,-0.514863677427732,-0.50625872739413,-0.524540868722498,-0.499000671155144,-0.483056664490566,-0.507549224345549,-0.5113416999754,-0.517181948828738,-0.505470205125854,-0.518793346977963,-0.506064659320905,-0.510861604633477,-0.504883263712209,-0.508803584713924,-0.487823054160666,-0.483758305411232,-0.524386709771043,-0.499832938698801,-0.490961509822027
400,1,1,-0.573892208513016,-0.57957784695249,-0.572039172435784,-0.579179440916487,-0.573578587530164,-0.592393315707806,-0.579932649618291,-0.571068364330445,-0.564880831549314,-0.59242497942789,-0.579881346569862,-0.57831842416666,-0.575522954232583,-0.578235212681294,-0.577122556163171,-0.589781209890847,-0.574968302092353,-0.564827458174288,-0.587641632440134,-0.574411438247373,-0.582245078722648,-0.594086031136601,-0.581927933669256,-0.57681916589989,-0.579155731460212,-0.570962885099197,-0.590603010298671,-0.585677086145559,-0.575105316559891,-0.583571588789551,-0.589067959499508,-0.561445618811724,-0.561849283291951,-0.583870693395911,-0.575414544134619,-0.573204832824439,-0.567056451512863,-0.56683412357057,-0.578664391248089,-0.570339642116783,-0.57762514114944,-0.575815834597548,-0.594228360820353,-0.587169763371455,-0.583279316154313,-0.58838433945403,-0.587077010112314,-0.58915765825448,-0.569838110370224,-0.591406834304984,-0.579096543116025,-0.573454981188293,-0.583106519000808,-0.576767878468762,-0.592129833147464,-0.587379034079766,-0.579588146070629,-0.575545616973454,-0.577100152036138,-0.587873836662013,-0.588033547146433,-0.565257194069863,-0.588741557826498,-0.575767517743334,-0.583528426221154,-0.577129200974624,-0.595192210349757,-0.577764054076559,-0.594326002196894,-0.574119978206166,-0.578593675222391,-0.570654474953895,-0.575361685198512,-0.572354427503229,-0.579579582877303,-0.59562707130216,-0.579143533005113,-0.593296463536448,-0.569371685361361,-0.586482786966948,-0.580055164126404,-0.569850548309148,-0.599854374071096,-0.58433530363461,-0.555593768770091,-0.579899203870029,-0.579255379509447,-0.578308046327967,-0.583731009365562,-0.585303656317234,-0.573914740263381,-0.580797269906587,-0.572741111965871,-0.57242453634087,-0.580739928428584,-0.588390612128797,-0.572965758248279,-0.588843587759392,-0.570318716932527,-0.570947489890268,-0.60440349416297,-0.58864858125586,-0.588309217275812,-0.569245983431615,-0.575287548170807,-0.577158967473639,-0.563873643961873,-0.574109364167929,-0.586665327592143,-0.573040659056918,-0.584665611880431,-0.579025562309217,-0.589986269099953,-0.584387408477636,-0.582545013469748,-0.582817160886555,-0.576755790359268,-0.568719121846146,-0.580100925364662,-0.571471929922148
475,1,1,-0.597986247111594,-0.61327254913039,-0.62881857435959,-0.615522134767889,-0.620252838372204,-0.626916869749366,-0.612891605633872,-0.610884025035334,-0.630994344800329,-0.617298836297352,-0.623295404748864,-0.618562838701013,-0.628126369406375,-0.612383709731402,-0.624925898719021,-0.597383604437534,-0.614949236454073,-0.618138318542037,-0.624533883949118,-0.615513324166444,-0.623069068742037,-0.610504140704404,-0.628413799034361,-0.623718792914134,-0.611865485997652,-0.620020132219835,-0.6333635215346,-0.614201287761348,-0.623181611568308,-0.632885571267422,-0.607035509377658,-0.623786074083118,-0.627421853225229,-0.64181155867158,-0.619675481059079,-0.618045314432945,-0.604804858777483,-0.62405896355569,-0.63290353685234,-0.629278244843376,-0.612699432472039,-0.623490592275706,-0.63068732389609,-0.620985121467795,-0.620239855856275,-0.627682758493923,-0.638452232019815,-0.631629010718681,-0.631272600332626,-0.633633593035666,-0.614158073061928,-0.621550686810489,-0.628429995005587,-0.625589576972891,-0.614827999794824,-0.618162109165524,-0.60836692090529,-0.616024267904487,-0.611968012714168,-0.613744496341491,-0.633146832054757,-0.617254096380502,-0.609692591979761,-0.636561135465974,-0.615435766837892,-0.619694374501849,-0.62367396393308,-0.627069504860003,-0.624556878266963,-0.625617507823967,-0.613428593008508,-0.620976527102621,-0.619595041341432,-0.614814658488904,-0.621536496845112,-0.614943888096275,-0.630586453094203,-0.613619681062614,-0.620303102621486,-0.607617204014108,-0.616838193525413,-0.61189447206407,-0.619044368163529,-0.629011446361811,-0.62520168055788,-0.613513991835055,-0.619938536247278,-0.630563767694196,-0.615613141370222,-0.612733156858648,-0.627394302618623,-0.622263156687592,-0.623501260417598,-0.625526082994745,-0.634500419132113,-0.609647300425923,-0.623511420006992,-0.61787186601961,-0.608175173843867,-0.633343039649337,-0.632113202202412,-0.618171464437632,-0.629807233252024,-0.618377747000516,-0.61010932611801,-0.623256870455223,-0.615814152448273,-0.617668662731393,-0.627621647956858,-0.631918669474168,-0.616558640696208,-0.623193701842701,-0.627181786642382,-0.620547737427327,-0.611297017690068,-0.620862774266241,-0.599777896647888,-0.627992987698329,-0.616243232448101,-0.612088482559352
550,1,1,-0.661367379394419,-0.655285782145054,-0.651997944391574,-0.668571073707486,-0.648903262278034,-0.660382898793863,-0.667539577349947,-0.644647567468966,-0.656257075214319,-0.646518502883605,-0.649430757409503,-0.662523928151754,-0.65994802804328,-0.654812210899008,-0.660709323348379,-0.657921471531736,-0.65049171137857,-0.654945130182685,-0.659216035545007,-0.663724982362998,-0.654628822959425,-0.664186288719629,-0.661648877132824,-0.657762565389152,-0.658345715607646,-0.649465316367886,-0.650727855661065,-0.662527188946956,-0.644658791877075,-0.660589312574251,-0.65415683860955,-0.660313879440061,-0.655777191593207,-0.655014576231909,-0.652126447419429,-0.658411467897105,-0.650923406900754,-0.672087786694464,-0.650262612658509,-0.650407687545024,-0.652075165963749,-0.653693718183563,-0.648272498440098,-0.666544831943767,-0.660084043897968,-0.66002265212033,-0.650516244987091,-0.653795199692283,-0.668679501508145,-0.647450167999853,-0.657569432459722,-0.667719523519023,-0.64936802018302,-0.657295829731912,-0.64680284159026,-0.652978059066349,-0.662011842038388,-0.659078353383986,-0.651439881923711,-0.670047239346409,-0.660664631239061,-0.645094241397006,-0.659857010709741,-0.655017119288904,-0.660043486768093,-0.660495431349279,-0.652973876859463,-0.659768148976531,-0.660938412598397,-0.656988899418255,-0.649979872665936,-0.643786420865292,-0.66588958297192,-0.657917747601168,-0.658794053733771,-0.646998912074042,-0.662119519022579,-0.655421106386107,-0.652646753475215,-0.657109737578167,-0.654957814301397,-0.656125256826597,-0.649113905918864,-0.656682377447641,-0.656386599785625,-0.668620364767146,-0.648835119099301,-0.658857069582103,-0.648919398765865,-0.665564139737878,-0.66033877062794,-0.662414630669641,-0.664188905848428,-0.657665145461132,-0.670783169209704,-0.650463141809181,-0.654205824230836,-0.658574589855481,-0.662603550682269,-0.660874271683622,-0.657502883066388,-0.65106391548541,-0.656331090299004,-0.65099910377287,-0.65075736029163,-0.644402173718144,-0.664557180572514,-0.661781880724613,-0.65535837597036,-0.665164611277977,-0.651542764371691,-0.659612542309144,-0.642574774431203,-0.669541932033281,-0.657098298986268,-0.65636019904085,-0.656536835798977,-0.64922733918828,-0.655611912323326,-0.641979550045521
625,1,1,-0.692681399574056,-0.696632273026374,-0.689335148873438,-0.689925792476124,-0.684284381958549,-0.685918776342133,-0.680868465746991,-0.68311200406106,-0.688281058891549,-0.691471614344446,-0.699582274035936,-0.677158425538239,-0.681851775884094,-0.696827528927805,-0.68821871570563,-0.68188993804388,-0.690741146229999,-0.673721840472581,-0.678121103908416,-0.690504290407956,-0.6771598734193,-0.680072810026402,-0.683717397242005,-0.681580891780117,-0.693641408661425,-0.679807403658142,-0.674986214555838,-0.701141935452644,-0.682912084369405,-0.682538687278858,-0.692132155587422,-0.687762784724943,-0.68393617691222,-0.682833702884863,-0.672302607512212,-0.680264815298257,-0.688954075807161,-0.677987521433923,-0.682720307409226,-0.688673583752081,-0.675916180004368,-0.687138279035949,-0.682172078188596,-0.680653509598419,-0.679347494266463,-0.688430028276211,-0.681042837540511,-0.680964234452058,-0.693331705147597,-0.68928476326983,-0.69159092926717,-0.688723943363725,-0.685494633141648,-0.681693620401994,-0.688680742384019,-0.686970866283494,-0.687517541740792,-0.686983641797168,-0.676333919122607,-0.689735739432283,-0.684853808480931,-0.689683090896809,-0.695306402534788,-0.691508098521997,-0.689673029742977,-0.687330113446046,-0.682541521709417,-0.68019596020722,-0.680233934529432,-0.689366823786177,-0.683724735498655,-0.68204405378728,-0.681721548186276,-0.671447449155514,-0.673253760700996,-0.690580933800296,-0.681606797875136,-0.688851639931847,-0.684100197301927,-0.682011596230655,-0.683524404805424,-0.681806910805314,-0.692845459371228,-0.690756287376413,-0.680976201767242,-0.693048404126222,-0.694301302403341,-0.685762545882506,-0.696729634905045,-0.694304568661804,-0.674707511064185,-0.677767027692219,-0.690153038750571,-0.688117963358275,-0.689763478763538,-0.686687379419015,-0.696393264983479,-0.681500910818312,-0.679136316719773,-0.678325558552954,-0.692002303891349,-0.697378902692116,-0.690263964254716,-0.693369078645992,-0.691197686505363,-0.695156846382466,-0.6906452196378,-0.676890928112612,-0.683817095902397,-0.692002803794281,-0.690167348084629,-0.680491125789369,-0.675805862457777,-0.682963041207243,-0.678894939824153,-0.674891441139534,-0.685625554023228,-0.687946368707565,-0.689552616642588,-0.680737366685717
700,1,1,-0.700353358764668,-0.71545812884421,-0.707191215832242,-0.718407358360039,-0.716758022797566,-0.708570454035508,-0.729109363293496,-0.718856320745696,-0.711280542841578,-0.722645192034341,-0.712381261755538,-0.722114520650459,-0.725159288671529,-0.7173596574524,-0.719015307131721,-0.705088490601657,-0.71250235169489,-0.721663284462015,-0.719995837271404,-0.722644228036823,-0.719441412679724,-0.716877759822496,-0.711287400018189,-0.713716564890339,-0.71398363438343,-0.713551704906673,-0.718395210902879,-0.72835355166806,-0.716491578106957,-0.718425461746048,-0.722608242577497,-0.705455178629063,-0.714288806297404,-0.708116304097043,-0.707953595129847,-0.722816780208728,-0.72183261953974,-0.716847602633867,-0.711320690483219,-0.702442132647809,-0.70766903935949,-0.717731025492846,-0.71772269437069,-0.711968053235637,-0.717236908710116,-0.713324609962106,-0.716132015712562,-0.71382404183766,-0.705867637700276,-0.716039767483229,-0.717294958083578,-0.699783351428971,-0.710109100878242,-0.716170786499792,-0.721048623390751,-0.723240723381994,-0.720703997454648,-0.723338387764658,-0.720378218971269,-0.705292117720113,-0.712367646602472,-0.713474054502256,-0.722415446049201,-0.717547014954482,-0.70414007301037,-0.712993695549198,-0.722162010076397,-0.717165962153273,-0.720916312491385,-0.712850514440643,-0.719603921850038,-0.715804062856201,-0.70519029526795,-0.713046076585521,-0.710613123275648,-0.719169677957966,-0.707550767316271,-0.72102885527673,-0.700952759093987,-0.714004166969068,-0.714813047069192,-0.715412035744397,-0.717557022078357,-0.7137163833384,-0.712417324283086,-0.720898691215165,-0.712759689984104,-0.712392741854673,-0.712760770928157,-0.714656647991308,-0.71163115065603,-0.711333003156211,-0.714022230103125,-0.703635657983293,-0.714941835067118,-0.716522340016705,-0.724367321302565,-0.72037390363251,-0.714380566935702,-0.719036687174592,-0.708366982125551,-0.717043287344725,-0.726168728889959,-0.712650156867173,-0.719126607103716,-0.713063131782393,-0.718274674074895,-0.717696571838358,-0.713659011007961,-0.72043419042763,-0.704766602055431,-0.705612151782386,-0.721178351120313,-0.698395374433927,-0.706261350932133,-0.71386891414062,-0.709631876606167,-0.713033656001806,-0.712759955790164,-0.712520662441022
100,1,2.5,-0.391106703862676,-0.390322988194034,-0.428104704744782,-0.398648427127976,-0.396332672834929,-0.354616511658572,-0.39812131940829,-0.375698064485197,-0.368514864149494,-0.379028672052335,-0.370752221451825,-0.391643733711918,-0.394701799858594,-0.427554436023646,-0.406962160527522,-0.361132065061131,-0.384026365737603,-0.402680329800775,-0.366735790866703,-0.380822472273744,-0.433886268475596,-0.386010058436568,-0.346317955337313,-0.394424980416112,-0.43884360801063,-0.366335755800147,-0.419717690441556,-0.391555357150849,-0.404005044814685,-0.444639749245849,-0.405584788019104,-0.389363385426191,-0.39862759491716,-0.435325461362069,-0.390542994458834,-0.399532098991677,-0.412738230688226,-0.422062733660023,-0.393471000291244,-0.389320927233839,-0.392884991857241,-0.38660702881417,-0.392469276517872,-0.380607019283781,-0.422247442844888,-0.39715391515485,-0.37869375280464,-0.399402766378349,-0.448131321932821,-0.429116585073662,-0.402027022185173,-0.391701335609001,-0.394062049325953,-0.405086413838934,-0.393686887197561,-0.382101314094982,-0.403992763782458,-0.379677514065979,-0.380583862055409,-0.409072894119681,-0.406008969415457,-0.434200185414245,-0.396687154351753,-0.401735794559155,-0.411356604629745,-0.387387748808777,-0.382645289238773,-0.399626946987119,-0.410026089227288,-0.407824566777519,-0.381310700636292,-0.398794647629508,-0.368809133319315,-0.409477036856994,-0.375022135221586,-0.402926276008421,-0.401740893769717,-0.379251870107771,-0.406572972727531,-0.349983925534971,-0.405560224242413,-0.382874041207713,-0.424702547438415,-0.369109635238187,-0.43830850153372,-0.433213197915019,-0.406845458360744,-0.460765250983436,-0.394522757570618,-0.419017903512687,-0.363622864904993,-0.400346256595394,-0.396909825084979,-0.387832968141377,-0.44088286280806,-0.414439720167622,-0.425805113373773,-0.385847325901911,-0.416578677684678,-0.401311517981163,-0.413664375597242,-0.392615494035125,-0.420836522622997,-0.398826614512003,-0.380363105417021,-0.415325538813564,-0.427131253536186,-0.42241179256119,-0.402440808580942,-0.379157175195159,-0.373465500374696,-0.415101655415242,-0.381848352098667,-0.431618006835886,-0.373424208627938,-0.378789137375042,-0.389009062775917,-0.377772981231481,-0.380609407651158,-0.423590442496411
175,1,2.5,-0.459951954910495,-0.452703652324073,-0.451678546460157,-0.445122846760851,-0.448560939290709,-0.465064651503351,-0.454757223867171,-0.450435284155016,-0.497265052374838,-0.457826418419808,-0.459366930833648,-0.442125955222579,-0.455675067248946,-0.483996812997556,-0.448907299710936,-0.457630617537149,-0.449788078819527,-0.452953921057078,-0.460013224158341,-0.438595315106561,-0.466144166659693,-0.46838502657735,-0.468054901257263,-0.457740159640231,-0.4732726555274,-0.454314248521774,-0.447540240456647,-0.451373469457307,-0.466293123097774,-0.471109255764021,-0.438604051680978,-0.456118084092223,-0.453541490977185,-0.45332664928073,-0.456743431979037,-0.450076399454059,-0.420913981982295,-0.465789722236616,-0.446028074373589,-0.429672436451148,-0.444153331096382,-0.45794548465905,-0.459239492240696,-0.451694235008643,-0.447970510997183,-0.4167883751416,-0.462186480859433,-0.452990059866139,-0.468690825716981,-0.42218940102094,-0.462278833894066,-0.46451035471281,-0.451275425805247,-0.472004456832752,-0.467676888364935,-0.482799682308873,-0.460425558466076,-0.450047691772896,-0.472254385546431,-0.460013122765988,-0.455818207542046,-0.474412523223151,-0.494832013439768,-0.448194403569589,-0.432888754136094,-0.470307082104486,-0.453145522668675,-0.465025328661783,-0.460226341633615,-0.472690987352534,-0.46029694042917,-0.451511761371798,-0.450058455005494,-0.454908826395587,-0.449661007860731,-0.455644453313847,-0.449464805600169,-0.451785763714272,-0.456239214109459,-0.436849952758614,-0.442104509397389,-0.447029753943455,-0.455314359291568,-0.424278153478561,-0.447218411793125,-0.453797572408974,-0.44769876441373,-0.452220305055825,-0.456996904184168,-0.462121742320232,-0.455041638570183,-0.482587071005067,-0.488342304058784,-0.449607989309259,-0.452083777562173,-0.46454718004647,-0.434271871828388,-0.472673964524241,-0.460887093430443,-0.465748118895492,-0.453977423516852,-0.446677198176541,-0.450764959585606,-0.460780936042059,-0.44537474459274,-0.457314549762516,-0.440203485459275,-0.459003216961832,-0.457331365822043,-0.433751031193562,-0.471531924461645,-0.464026904785115,-0.451904857607113,-0.48424893583498,-0.447746666195688,-0.467158740411118,-0.458242710861978,-0.45408940474659,-0.452160733077966,-0.464406120564421
250,1,2.5,-0.522694442016148,-0.527107672332553,-0.530486236823708,-0.518763561913509,-0.551515645899494,-0.522753011685613,-0.557559836918091,-0.541086384780806,-0.532273493838855,-0.523416068299157,-0.521696253028323,-0.531848865726977,-0.518658224877479,-0.535063927186442,-0.527072039695025,-0.527340164884203,-0.53517793715878,-0.517830964641584,-0.528301556774951,-0.520677556259921,-0.552921825546776,-0.531862912177646,-0.527130904386482,-0.513087686113439,-0.524985127802351,-0.534857759869137,-0.551830438631888,-0.529337311292843,-0.541549113009221,-0.543187747499969,-0.533283625457883,-0.548685849717359,-0.541324516030181,-0.529768701027689,-0.520495441506038,-0.525883039908829,-0.533431424528315,-0.550103987444851,-0.509421715567812,-0.515206760725142,-0.521646605828919,-0.533937799701826,-0.535580709340256,-0.516200590676115,-0.525131749829863,-0.533682360197965,-0.508039889938726,-0.534392067509078,-0.532270604766628,-0.528915671073725,-0.541942885538513,-0.555659868819809,-0.538323043817918,-0.538355495949312,-0.538221532276044,-0.507267935502358,-0.52838766056734,-0.525843071524659,-0.525120632767618,-0.542330916546603,-0.541887797643936,-0.53351898531982,-0.537062801199259,-0.526283667894965,-0.554522758242609,-0.527876027043593,-0.523928219541137,-0.543582975321368,-0.522172337640145,-0.519403517988429,-0.537180301486242,-0.531351666598798,-0.539399436778796,-0.55249748448438,-0.536182268462458,-0.538145895229686,-0.548353269637522,-0.531427842244641,-0.52026451810185,-0.508556516090959,-0.522933400671394,-0.524927100762813,-0.546930569073491,-0.512438271217339,-0.520300935514175,-0.537846106982115,-0.513964935705442,-0.531269242009743,-0.518441443939816,-0.532729387604582,-0.540108177817249,-0.540375184750744,-0.548587068696176,-0.534924285902818,-0.532310095112657,-0.528493098047732,-0.534670918958811,-0.533511331022232,-0.545530398660854,-0.536632218051652,-0.521774761303199,-0.538614349959241,-0.530801510946891,-0.524628183423593,-0.51262134821291,-0.531160118898744,-0.539995116228801,-0.536449347847229,-0.52237824598995,-0.507407614122565,-0.521253278363246,-0.53883750199957,-0.52779324946513,-0.533715431912934,-0.532325450365506,-0.52696772818587,-0.534947003178146,-0.52721842909497,-0.538020902857437,-0.526467026377455
325,1,2.5,-0.546584959710071,-0.541517104973852,-0.543893020342826,-0.568739705025226,-0.554617683138743,-0.549537945441804,-0.545848348077617,-0.562444741130416,-0.573095827232733,-0.555207475031912,-0.541317626531188,-0.553307021160424,-0.55266624767685,-0.531467493772858,-0.561390625761607,-0.565419502158952,-0.554624887862126,-0.561621658750091,-0.555445275478343,-0.548088618335201,-0.570011639429727,-0.562075008037618,-0.554495638385981,-0.553076440131127,-0.538758147908109,-0.54931007632293,-0.558171910790826,-0.554397909970239,-0.549429219008124,-0.532617351631725,-0.549025564134613,-0.558175079366418,-0.546408822956116,-0.556147727134543,-0.549629749397275,-0.561348397539761,-0.549758250427894,-0.549057872517654,-0.554914663247168,-0.538738495548401,-0.554552695357424,-0.559246268705755,-0.537820422313355,-0.545327619960825,-0.56071469930735,-0.53492082476743,-0.54767207279476,-0.560468840755637,-0.563489315841109,-0.543395649484412,-0.553243862742359,-0.549438227734647,-0.544348177333531,-0.542013426063969,-0.558250629666115,-0.557162277072777,-0.548270010175362,-0.550761798165439,-0.547480852823205,-0.545937417509007,-0.538021841265718,-0.542723282378632,-0.551146278547286,-0.540400107832814,-0.549368933192921,-0.545569038087906,-0.541023226971617,-0.562967668162585,-0.552042148996256,-0.542496258552034,-0.54800725412658,-0.545882196884061,-0.54400291780971,-0.538519880121297,-0.564117532297116,-0.53424049599479,-0.554472554641641,-0.553263443204738,-0.576140591605052,-0.55271899154389,-0.547743753643949,-0.559094581241395,-0.557388918931985,-0.552734109155914,-0.536612189375682,-0.554766649255297,-0.540596403483031,-0.544349936801021,-0.569700765002789,-0.567153335575072,-0.556118098412585,-0.553828070269741,-0.537350173322119,-0.544324830565119,-0.541695764750196,-0.55158840702685,-0.545976552354651,-0.540056121981641,-0.548306163788029,-0.542337335521162,-0.562470637949925,-0.564571681395349,-0.556710011429281,-0.575273156738497,-0.550302585997125,-0.534178699621455,-0.557942828009116,-0.561178696637526,-0.565310063554165,-0.556339080279303,-0.568166780254183,-0.553503163052226,-0.562419453218788,-0.553090697071525,-0.55765742337983,-0.53358121645205,-0.531696909077045,-0.573137618166768,-0.548306537181526,-0.540050447247003
400,1,2.5,-0.604743462929941,-0.612179410188284,-0.600992160700987,-0.608767140724992,-0.604932151868561,-0.621495760864769,-0.61048227901693,-0.600885159012294,-0.59519054751963,-0.621940247797636,-0.610629081289716,-0.608243367795821,-0.605947858995803,-0.610053831267228,-0.606827752557519,-0.620014654310571,-0.604284428138086,-0.596926806812255,-0.616477469145707,-0.604350008070976,-0.612608619584318,-0.623753302028984,-0.611396383954318,-0.608131812732468,-0.60920876868826,-0.601484775357713,-0.621690386956159,-0.614552935261202,-0.606323269643827,-0.611038419105185,-0.619177408850572,-0.590425521627253,-0.593594287315211,-0.615572457438594,-0.605726007278506,-0.607110423225894,-0.597486377157834,-0.597534343317837,-0.61022159367726,-0.601075765163499,-0.607651075606649,-0.604207432956366,-0.624043038044105,-0.616648893711176,-0.616173130327951,-0.619871995214238,-0.61988417743111,-0.619864062233021,-0.597798997475215,-0.623108764669359,-0.610407251117997,-0.601997966183923,-0.613749769621981,-0.60898953334095,-0.621874814372488,-0.61880945666574,-0.610276499089209,-0.606659157562098,-0.610487375684301,-0.613670251136871,-0.61774383170024,-0.593873399933187,-0.619833217650764,-0.605244562841831,-0.614648385470625,-0.609972380623215,-0.625694982834303,-0.607689239767804,-0.625046612560573,-0.606866648715925,-0.607969010084668,-0.603275537853918,-0.605008294926719,-0.603546494494623,-0.608252226569711,-0.625440110144547,-0.6094551306045,-0.627129648836426,-0.598434338227063,-0.617109906586082,-0.611345537939827,-0.599373611594011,-0.630202270594172,-0.616416765743285,-0.584594495041482,-0.610701408828896,-0.607085695346073,-0.610033535486265,-0.6168688148917,-0.617977824101288,-0.603984999845697,-0.61047112337367,-0.60243675096748,-0.60192729155926,-0.612419404480608,-0.619103773634372,-0.602098982691417,-0.622532192954293,-0.598601694341506,-0.603693660784311,-0.635879387197961,-0.619094448029143,-0.616819140549901,-0.600111890462279,-0.605447157541843,-0.607031574754506,-0.593624234451076,-0.604534076103347,-0.618515160833394,-0.603928618431623,-0.614161315992752,-0.606022671088792,-0.622234761552982,-0.615548907119758,-0.612127816993332,-0.613015091455876,-0.605961725573127,-0.596591457983554,-0.612145985219834,-0.601797148561703
475,1,2.5,-0.620438745940505,-0.636545166755153,-0.653151973639671,-0.636982562477871,-0.644099909429094,-0.650442243174244,-0.632454203329079,-0.634457139036815,-0.655354856288204,-0.643368298768601,-0.646618604101835,-0.64053530435436,-0.650179463207016,-0.635295709759209,-0.647450031378921,-0.620316137619863,-0.639031510618767,-0.640536289441912,-0.649788826220686,-0.638661987147071,-0.647631140358727,-0.632677102902795,-0.651142195443216,-0.649153089974403,-0.63385652951747,-0.64459003249939,-0.656493709513747,-0.639919326172488,-0.646256615128716,-0.652824915405752,-0.630254234296136,-0.647016825615612,-0.65093185258122,-0.664921019421542,-0.641298834090256,-0.642072287306411,-0.628197912047133,-0.643871700253586,-0.657922297705196,-0.65304240574414,-0.636817420081047,-0.647618524998774,-0.654506198185894,-0.641038993642945,-0.643280341276229,-0.65097393072049,-0.662556678694696,-0.653402864824653,-0.652856704360739,-0.656351209710774,-0.637477779866797,-0.644697589315279,-0.651187029829403,-0.649836318551901,-0.639179851889788,-0.642313734949451,-0.643126290544428,-0.640497507590927,-0.638058164359945,-0.638096369138302,-0.657190778106731,-0.638353437910262,-0.634460830423245,-0.659190963014141,-0.639060337544633,-0.642447132078743,-0.646424640625928,-0.650663262378024,-0.649975453938764,-0.65081948516779,-0.636063543979334,-0.646119986401157,-0.645045414344347,-0.637424164418963,-0.645183541740076,-0.641064381238617,-0.655511248928365,-0.638088939960859,-0.644053996474308,-0.632969722801433,-0.640625283174656,-0.634441162644122,-0.642699462053436,-0.653888787947441,-0.647091197601799,-0.637573300237606,-0.644760250241921,-0.654910936555171,-0.63976849164625,-0.635132396365988,-0.650367871814717,-0.646879492508583,-0.648379533968222,-0.650339029367125,-0.657949901995235,-0.632389453974127,-0.646951433188884,-0.642483711537898,-0.63112701470261,-0.655965541393158,-0.658189503472733,-0.64113074965999,-0.65470197042904,-0.643768346046622,-0.632588104168336,-0.647164874785967,-0.640297964128881,-0.641851031169525,-0.651954917927235,-0.658180386731332,-0.63926359618805,-0.644561630105143,-0.65088176924364,-0.644585544490539,-0.635004083559083,-0.644187281416267,-0.621454991441395,-0.652033626708486,-0.641735962724248,-0.634709332917027
550,1,2.5,-0.676555948052021,-0.670854957308867,-0.668328530523298,-0.68593911566317,-0.666128866610618,-0.675553578092496,-0.683541952568345,-0.66028132709178,-0.671877350620992,-0.663513017075235,-0.666830333459793,-0.678471782990711,-0.673924141760249,-0.669847807201506,-0.676069228218006,-0.674075896716734,-0.667979137687282,-0.670756681313097,-0.675667810189642,-0.681370014744108,-0.670151235459994,-0.682002155505629,-0.678524887379573,-0.67347912162502,-0.674693046030568,-0.668521412790317,-0.666863617307706,-0.678430276293687,-0.660228955504334,-0.675831751285218,-0.671437353359302,-0.676098082845057,-0.672197682423066,-0.672114129246697,-0.669424048331275,-0.674472744470714,-0.66805567632937,-0.688736737091748,-0.667770568053667,-0.666233849541947,-0.66996588365207,-0.670486826881323,-0.664265718167679,-0.681927703982687,-0.676657754188371,-0.6733903591568,-0.666921309846365,-0.670532669346786,-0.683224991210105,-0.663593638354316,-0.673022925626576,-0.68385520834987,-0.666033918954928,-0.671690172953277,-0.662686970559705,-0.669098631695708,-0.677455428924108,-0.675123555868042,-0.667222771695023,-0.687507862551454,-0.674971276712686,-0.66009476858478,-0.676180738179112,-0.669738406072111,-0.675351430703246,-0.676414007098767,-0.667857077687331,-0.675085067833282,-0.67611928060292,-0.673789582823185,-0.664695429726218,-0.659822168642714,-0.683211337051346,-0.676089482794879,-0.675470089064314,-0.662933842015986,-0.675521848824923,-0.671794318584201,-0.667122368152756,-0.674045999600039,-0.668984922023825,-0.672081566029568,-0.66555868511079,-0.672244053997241,-0.672852345447985,-0.685972971342738,-0.665331260991183,-0.676611387043293,-0.666496496544235,-0.681665360292397,-0.67597091404379,-0.678125109021852,-0.679920522902844,-0.6728859214278,-0.687785049184074,-0.666613274952688,-0.670296416945832,-0.67531764619674,-0.67820726601822,-0.675539685404631,-0.672364552134035,-0.666054042485807,-0.674335822748496,-0.666315856037217,-0.666636473425361,-0.660380409300205,-0.679747829062495,-0.676722823554483,-0.672277613569004,-0.680440708173183,-0.665315699467036,-0.677179385450631,-0.660602018386412,-0.685286108912653,-0.673450481687955,-0.672671001641698,-0.673959870449704,-0.666541453377296,-0.670632851728659,-0.656266781757303
625,1,2.5,-0.708728911974631,-0.710467241319104,-0.704323195338086,-0.702817271277571,-0.699450757811992,-0.700878263387635,-0.696827806544954,-0.697972453808704,-0.703543075662908,-0.70603289232087,-0.714284919362911,-0.69231419860277,-0.697016180376193,-0.711960604446404,-0.704085049310589,-0.696598532518911,-0.707077695974357,-0.690239060399291,-0.692438379493346,-0.705754992586724,-0.692319634414951,-0.695846027506732,-0.698972050909929,-0.695963215908242,-0.70804182139015,-0.694509802264392,-0.690222846030321,-0.715591250098789,-0.69814768131859,-0.697700477901715,-0.707222307997283,-0.702692929197197,-0.700500821638248,-0.697930775313819,-0.687318404786857,-0.694134353899475,-0.703579300081417,-0.69281340279652,-0.69713070874466,-0.702594203501287,-0.690765172408733,-0.700971932759792,-0.698293823685695,-0.697281113273608,-0.69498295813118,-0.703015480126177,-0.696603759967097,-0.696766880135867,-0.708841105571658,-0.706449636925731,-0.70781580312873,-0.70527016614125,-0.6979994564747,-0.696312558313156,-0.703567690461701,-0.702326659525,-0.70282448569085,-0.702167330256778,-0.691445886231675,-0.703963452494028,-0.699065901850329,-0.704414536763866,-0.711392685163047,-0.706790828989336,-0.704876208325715,-0.699908870665676,-0.696683510114576,-0.694961670327034,-0.695530649044532,-0.705113240120082,-0.699261923860645,-0.697539418732883,-0.697416144837638,-0.686582786099882,-0.687270997550168,-0.705966793420649,-0.695609642409931,-0.704441488766237,-0.700092323922861,-0.696980901886325,-0.700179934646546,-0.697111517588207,-0.707943832532606,-0.706515500986638,-0.69440778957651,-0.708067823147489,-0.709158784218847,-0.701514623297367,-0.711675392739697,-0.709626681187851,-0.689370531723421,-0.692146175212456,-0.704295794081619,-0.703617894335812,-0.706625307363768,-0.700750355944962,-0.711452562498681,-0.696859890420331,-0.694237632420963,-0.69327366052746,-0.706481090660611,-0.713755690842077,-0.704564733560078,-0.709247325690914,-0.706526094969919,-0.71254077236981,-0.704675677968632,-0.691228230814208,-0.700345367208951,-0.706899495516098,-0.705008380439603,-0.696415494548476,-0.691619541971508,-0.698144963975104,-0.694304339311092,-0.689979478258243,-0.701406454281936,-0.703278640527049,-0.704709046762477,-0.695461922854551
700,1,2.5,-0.712973974809441,-0.728005786963255,-0.719192836409778,-0.731405931398231,-0.729726299024227,-0.720047635141302,-0.74189230887706,-0.730251269032856,-0.723947796912462,-0.736062326371451,-0.723862409663778,-0.735867306655496,-0.739409396890885,-0.72879804466312,-0.731531923449492,-0.718251377873699,-0.72489550477305,-0.734295893924821,-0.732447377256812,-0.736272075894875,-0.730558610784619,-0.729543189648709,-0.723670985978967,-0.725927990062193,-0.725365628472468,-0.727522016805894,-0.731654368721339,-0.741262329230864,-0.730336400811398,-0.730578512915619,-0.734261235248303,-0.718012236549551,-0.726726373849016,-0.720016939876694,-0.720615115495371,-0.735349295047897,-0.734312184207862,-0.729924472047649,-0.723905469463459,-0.714959527625629,-0.718709743027161,-0.730856087024245,-0.730656720237265,-0.724881128340508,-0.729716481537338,-0.727185936594783,-0.729250142984473,-0.72725108071152,-0.716264786268995,-0.728010383429863,-0.730562179932267,-0.712282684846673,-0.722667284892307,-0.730263761463759,-0.73255312585658,-0.734460795568963,-0.733165000323532,-0.735146851970009,-0.731988736918575,-0.718315987911178,-0.72493300363062,-0.725949885194834,-0.734518948236539,-0.729737165707123,-0.717638206083118,-0.725270127532425,-0.735586688408205,-0.729335309862352,-0.733219566253009,-0.72455306624723,-0.732673774047745,-0.728997675307525,-0.717611435246616,-0.725017386690755,-0.722574945603658,-0.731517607218857,-0.720215438308354,-0.733716338947543,-0.713053132576687,-0.727313510714823,-0.728183018175992,-0.727485857186668,-0.730371883995208,-0.725950240060619,-0.725812669962056,-0.733694720189729,-0.725728115692937,-0.724027598751337,-0.725766535497559,-0.727730588094341,-0.723723300446308,-0.724162624901179,-0.725559889603697,-0.71697497848132,-0.727635776939156,-0.72826910624274,-0.73755535402582,-0.733471906686956,-0.72682297422414,-0.73200008278235,-0.721842039373589,-0.727141139425278,-0.739937234956439,-0.725265877973143,-0.731930432371996,-0.726299899610944,-0.729983927888699,-0.729638195330337,-0.725530214921562,-0.733344609266801,-0.717315846823466,-0.717912126924817,-0.734225314269854,-0.711286861389307,-0.718317479129859,-0.725726955319148,-0.721878861043759,-0.725668132547146,-0.724034242708546,-0.724572350792588
100,1,1000,-0.389228069476492,-0.383053147425356,-0.412765582996722,-0.393072293675134,-0.387794134760361,-0.349489114013138,-0.383402146782893,-0.367252768137089,-0.357568272255285,-0.365716929457446,-0.362362471733968,-0.383343597544217,-0.389047990604307,-0.41835374542297,-0.400591539537125,-0.358044169085394,-0.368862747473415,-0.386077756023437,-0.362073709062913,-0.365905312111931,-0.423082120981117,-0.373919860409088,-0.339939517323428,-0.388990709386793,-0.424881229644418,-0.359879370672089,-0.406849219801256,-0.384199123002734,-0.395548068739829,-0.433991249724475,-0.395307858876358,-0.381041827176809,-0.399419042337821,-0.416792614473603,-0.381236392340146,-0.392208267896552,-0.405194892388534,-0.409569096826562,-0.379435073853459,-0.379341458000957,-0.389871962480723,-0.372130375434992,-0.383316273588327,-0.372725381343187,-0.418224962898051,-0.389572896956326,-0.36955908713855,-0.388803349633525,-0.438373466001938,-0.422864837394832,-0.396091232282478,-0.382508886274862,-0.380076696244153,-0.391304018667431,-0.389867311038531,-0.371016101061467,-0.387161554177538,-0.370331721665813,-0.369284548272794,-0.402537100518481,-0.396939938244273,-0.426771833549646,-0.387611520312902,-0.392369572294802,-0.399540658019505,-0.370577435503518,-0.370951157538482,-0.390202799924291,-0.396740844020721,-0.397562250565327,-0.373542713533907,-0.389564845648499,-0.357473306736514,-0.399866465728163,-0.3669820884789,-0.394846476012662,-0.398045672824631,-0.372789620658409,-0.407236685193969,-0.339567895791724,-0.400885868425274,-0.380070009015831,-0.418762893561591,-0.357573914698053,-0.435096563437766,-0.428420173858168,-0.408007531320538,-0.452519226231751,-0.386232612153503,-0.406288955993236,-0.36821186156658,-0.387764975662248,-0.393595126578985,-0.384546129770337,-0.43390866038976,-0.404542333428489,-0.417048088122086,-0.381953554771547,-0.417728669663691,-0.384760904239725,-0.409220208673184,-0.384454120446113,-0.418368137956808,-0.386812886260507,-0.368571347858759,-0.396612717499366,-0.415205641211876,-0.411407439323874,-0.391424873524631,-0.371371968170215,-0.371627539213155,-0.405461350403543,-0.376605261175818,-0.414769303385967,-0.367077158741404,-0.370356319966991,-0.380672569028879,-0.372258152050251,-0.365153089447991,-0.413114389963761
175,1,1000,-0.47906067863217,-0.467833609560812,-0.466882184988837,-0.460606212494548,-0.466418450354261,-0.481992336709779,-0.474258059825681,-0.466658028818086,-0.5093872248619,-0.476048105175076,-0.474840227327115,-0.457232429947204,-0.467667709091942,-0.504265641140658,-0.464922367052573,-0.467622870068418,-0.462162227018643,-0.471040663312267,-0.473850109285458,-0.455696230669823,-0.480153220586902,-0.482359826898718,-0.482359776511115,-0.474413861327111,-0.48620179749778,-0.470115645525807,-0.457828432628341,-0.467227220576673,-0.481856507310288,-0.485625264384995,-0.455686546655275,-0.470008021713559,-0.466150361533383,-0.467287532279459,-0.471614494489362,-0.468287959021672,-0.438208354304363,-0.487028975908009,-0.463621428238556,-0.447456716640158,-0.459992792486754,-0.475033847107478,-0.475853338080853,-0.468441754238208,-0.464182041315731,-0.431407418050489,-0.479822654252418,-0.470375253418611,-0.486382792671731,-0.43616288021427,-0.480839319869141,-0.480155307103281,-0.469377172010482,-0.486498242233304,-0.482679554622316,-0.498335679955166,-0.474191388401349,-0.46869554468378,-0.485152019152823,-0.478454910349679,-0.472709227117573,-0.4886632123422,-0.511130872158939,-0.461613481877444,-0.450215751543224,-0.488075932962998,-0.471062368903909,-0.484282223915288,-0.475713017808803,-0.485646568427037,-0.476918646985714,-0.467052889426196,-0.467211327222389,-0.469346104487759,-0.465965880946589,-0.468752427217716,-0.45979825584968,-0.470634847260492,-0.473857404145673,-0.453406377502991,-0.45958045834179,-0.464147467821379,-0.472006921230167,-0.443504843276111,-0.460141536482941,-0.473418827294038,-0.462387138559714,-0.46777144147872,-0.470363671553257,-0.474094737423625,-0.467811914461189,-0.497242697243921,-0.50762836536861,-0.465824524814804,-0.464303309286003,-0.4783560929291,-0.450229732997608,-0.490015115621181,-0.476368500582213,-0.477673587525493,-0.476963716688434,-0.462569308827986,-0.467373430172131,-0.475120336291678,-0.463290633367536,-0.474239051893696,-0.457536901658286,-0.479411019803188,-0.471663390229484,-0.449916525818483,-0.482565372987101,-0.483586339384805,-0.468245563015805,-0.500393732218738,-0.461175707619984,-0.482172558468629,-0.475375902785212,-0.472242011027556,-0.463331380262182,-0.481703238315508
250,1,1000,-0.525315258152526,-0.528160508368478,-0.530143101954263,-0.518950947975698,-0.547890372792461,-0.523570773611097,-0.55845858799306,-0.539365557747991,-0.531655535875804,-0.526653443728486,-0.523189317161789,-0.530316248940453,-0.51979781830027,-0.535396873937964,-0.526566425104084,-0.526754414880274,-0.534861837343489,-0.517529582224789,-0.526599552658636,-0.521053268653294,-0.552425006573327,-0.52964983653772,-0.524668035601405,-0.51373857455532,-0.521982866056896,-0.536491323465236,-0.54935620487262,-0.527742327897031,-0.541972164177329,-0.543316447271233,-0.531168141383472,-0.549287259296732,-0.54307880991599,-0.528895760698369,-0.519907154807761,-0.527541549968041,-0.535533121046671,-0.547661033565318,-0.509336504710774,-0.514148556595282,-0.520862629900625,-0.532847008608468,-0.537757975499335,-0.515535524406199,-0.522717881642822,-0.537002834623736,-0.509308344949595,-0.538790262464642,-0.531647157500271,-0.527877048015741,-0.541401860951064,-0.554925704644524,-0.53850286472913,-0.536930106581609,-0.537744677979805,-0.508838607700841,-0.529639073865055,-0.52603010956535,-0.522227620771493,-0.541742439299544,-0.541069884236481,-0.532414615207247,-0.538077331915085,-0.52899241021271,-0.55442058987812,-0.528602289832547,-0.524049146329225,-0.54396689313304,-0.521068139756878,-0.519267785712407,-0.535339083981383,-0.529716565945786,-0.538012834947266,-0.552363039163726,-0.536382645361015,-0.536688108981435,-0.544836675966037,-0.529959483259992,-0.520308042690081,-0.508729690095259,-0.523002095412274,-0.524660659332846,-0.548320047968314,-0.510845822247712,-0.522719151772698,-0.535806104627758,-0.514648607521119,-0.53263360191537,-0.51725876893584,-0.53138643119024,-0.539858198707784,-0.538351219214975,-0.546078463213359,-0.534432225229837,-0.53212820656307,-0.529440139747388,-0.536693190888685,-0.532887857397091,-0.545585172404958,-0.539494099854296,-0.523183245463517,-0.536137601672319,-0.531409351169343,-0.526149354880468,-0.511329260819383,-0.531478085965576,-0.540040847515471,-0.538570905659388,-0.522982173703107,-0.508983176340059,-0.522270922351831,-0.538486347515996,-0.526580908829919,-0.533546666270187,-0.532697397348587,-0.524147789425792,-0.53340857623722,-0.526875846893232,-0.539690340828811,-0.526096804587766
325,1,1000,-0.568164203153184,-0.563468481968233,-0.56381637168477,-0.590200907859755,-0.574512691251465,-0.570659118113201,-0.567075079970296,-0.584604299469386,-0.595914553928632,-0.57760959809273,-0.561757548519374,-0.573268695449314,-0.573113458682406,-0.552446759918068,-0.583534119441294,-0.587680374514978,-0.575331807990778,-0.584527523762677,-0.577087533887324,-0.56987690909156,-0.590343726665436,-0.583604396053448,-0.574851563927598,-0.575930453925855,-0.560879739243868,-0.571829161891097,-0.578462092533468,-0.575228880866875,-0.570243532836365,-0.554580251992672,-0.571885040042744,-0.580042768137272,-0.56855814900414,-0.578186930374336,-0.570933404620232,-0.583326749623944,-0.570508164530939,-0.568424746402467,-0.578115734303105,-0.56026171578898,-0.57750174242376,-0.579768297764994,-0.557834414261236,-0.566977207603759,-0.582526571065134,-0.556477526401464,-0.569351021016712,-0.583329073974645,-0.584966462354915,-0.563575394607359,-0.573488940034155,-0.571669657621355,-0.56598125582933,-0.563637802459931,-0.578898080785944,-0.579324430602536,-0.569269095430362,-0.572298949321296,-0.567988261643478,-0.567360555141529,-0.560320071512855,-0.564236000685203,-0.573645265067237,-0.562413551381117,-0.572000541816468,-0.567132157567252,-0.562263607897629,-0.585858557464883,-0.573292808697134,-0.562226656108901,-0.571530859231523,-0.56788204787167,-0.5660221430447,-0.559472655173088,-0.586433696333499,-0.555958130119118,-0.575591554812464,-0.57445454702292,-0.598376906909596,-0.576182804048321,-0.57002433847318,-0.580576086961428,-0.579890680093424,-0.574778300463276,-0.558796074312715,-0.577064532801547,-0.562567533181296,-0.565364158390129,-0.592168757927439,-0.589109089765113,-0.579838385778157,-0.5751647827064,-0.56084157278603,-0.565116841785463,-0.563912307511341,-0.573880317704186,-0.566562781731296,-0.562175783526115,-0.571120757450906,-0.564529276462611,-0.586503565052899,-0.585872406431136,-0.578736887124882,-0.597122298255431,-0.573430128741581,-0.557350899203251,-0.579709207851125,-0.582356882773184,-0.584892774489706,-0.578592435557454,-0.588917467189455,-0.573423713177908,-0.585207658902283,-0.573634960184903,-0.578730854265751,-0.552647506821438,-0.552303061367974,-0.593569506309175,-0.569223451250091,-0.561558677525555
400,1,1000,-0.611747215513878,-0.621111130617541,-0.608306361887835,-0.61579886937108,-0.613263753750206,-0.628166377282461,-0.618009651377187,-0.608124516843899,-0.604799636776902,-0.628775820967892,-0.617477213537656,-0.615557360738618,-0.614188042319746,-0.618190316489543,-0.613247295005414,-0.628589099554266,-0.611186680172138,-0.604759360431468,-0.622894973534913,-0.611618621890862,-0.619490194989507,-0.630138168137511,-0.617719412467423,-0.616053247766267,-0.616256598340755,-0.608886397512288,-0.630547632325915,-0.621024635153576,-0.614539658175099,-0.616332767224062,-0.626567374021013,-0.596699113263338,-0.601672294197742,-0.623561331615379,-0.614507204490848,-0.617083139795983,-0.605983653476779,-0.605410024950146,-0.61791958681541,-0.608880381234407,-0.614351578179692,-0.611017050662026,-0.630446711508368,-0.623301999726272,-0.624730362281518,-0.627686546335469,-0.628406048586147,-0.62738823680362,-0.60480397305615,-0.63074842469614,-0.618789228948886,-0.608595453204793,-0.620712222766276,-0.618355629951342,-0.627972303583752,-0.626578086239465,-0.618026761921634,-0.614058578858473,-0.620294877394964,-0.617779767688187,-0.625641913320158,-0.600621690242613,-0.628354186955895,-0.612594923424853,-0.622537336037774,-0.618305650883982,-0.632469011508608,-0.614910962867026,-0.632128895877644,-0.616434658690009,-0.615171298052132,-0.613331498336273,-0.613304315371931,-0.611924163544537,-0.615180089410988,-0.63231275302585,-0.61747210100729,-0.637020962992755,-0.605503049322974,-0.624010989587461,-0.619338826028511,-0.60673984596774,-0.637854417953247,-0.624625856383623,-0.59167979501934,-0.617747459903129,-0.612937347130856,-0.618142168039983,-0.625662998776372,-0.626141428615273,-0.611857438493826,-0.616998859897511,-0.609585842595505,-0.609678279982583,-0.620894480141549,-0.625865359289112,-0.609438972617289,-0.631650809522404,-0.604463894571477,-0.613567751620345,-0.643176924765556,-0.626447718987628,-0.62317660138816,-0.608456608090412,-0.612700528121034,-0.614461671610071,-0.601104958918354,-0.611869247670654,-0.626157723890035,-0.612330457743984,-0.621133343301427,-0.611604703474,-0.630876395798347,-0.622500725478599,-0.619573715535037,-0.620697625382817,-0.613289044647625,-0.603430837123752,-0.62078108922825,-0.609341891396259
475,1,1000,-0.625290662960969,-0.6413427179111,-0.65929909894995,-0.640726674920456,-0.648650126230914,-0.656336778233544,-0.636390595715776,-0.639342039110689,-0.661346886354632,-0.648218350304704,-0.651497456339931,-0.644371176691552,-0.654797319785913,-0.642904758045308,-0.650984757657426,-0.625068641445069,-0.644222666994592,-0.64548912766966,-0.655696952678188,-0.642727975763531,-0.653251233569996,-0.637242944086905,-0.653493603333784,-0.656266332737134,-0.63820995894965,-0.649266100597771,-0.660514980211374,-0.644190328200708,-0.649208011541363,-0.65540045487388,-0.636175339469181,-0.652291814056394,-0.655368455246038,-0.667798007281785,-0.644246082203776,-0.64717982275131,-0.633368418055776,-0.645335655914776,-0.665014417021443,-0.657728752477517,-0.64116039359475,-0.652898447444781,-0.658301133348113,-0.644537227788369,-0.648920204693059,-0.655351023216224,-0.667376674635967,-0.655535186208146,-0.657064956158668,-0.66112809256701,-0.641642901135965,-0.649331397279904,-0.655556206171496,-0.655345100725554,-0.64498329356445,-0.64786809942817,-0.647801220267157,-0.646043802036614,-0.643914688876755,-0.644565995943241,-0.662070815927481,-0.642539022506518,-0.642149944598394,-0.66376355368362,-0.644396473948141,-0.647731283903019,-0.651036558479233,-0.65488148632138,-0.654167978208695,-0.656377293031678,-0.640795234532053,-0.651178606604007,-0.651611871625305,-0.641919268854095,-0.64971273363742,-0.646434735627237,-0.660397844595705,-0.644400852695162,-0.649716825893489,-0.638168061019469,-0.645691831950633,-0.63860916058291,-0.646713288039692,-0.657752294792058,-0.651967706204145,-0.644497974781852,-0.651272380407196,-0.65983255692559,-0.644386697276964,-0.641772696443829,-0.655837606265791,-0.651483843964153,-0.654610801735407,-0.653811129651463,-0.662868838343981,-0.636941194861322,-0.651379809619228,-0.648004260169147,-0.637106776996218,-0.65935868781873,-0.663959484661997,-0.644546489788724,-0.660260446374229,-0.651778950232952,-0.636106566620926,-0.652660895458209,-0.645520862702181,-0.64781087003469,-0.657272890626065,-0.663901600917525,-0.644301066997007,-0.648416032587558,-0.656732523995949,-0.649859147343322,-0.641214342629905,-0.649255518594271,-0.625358329526989,-0.657531983257193,-0.64641339251804,-0.63979123132186
550,1,1000,-0.678884765146104,-0.673390916193081,-0.671844773131112,-0.690190859223452,-0.669797676508538,-0.67765792001052,-0.68621997072937,-0.663381847448347,-0.673963799257694,-0.667400974876996,-0.669697043214542,-0.681143061819582,-0.675713502090697,-0.67250426902799,-0.678299807023127,-0.677022991069241,-0.671475312533424,-0.673821055118704,-0.678995195494286,-0.685227471953698,-0.672902437314996,-0.68507947992328,-0.681195405566429,-0.676811165727551,-0.67775276408933,-0.67392255072139,-0.670103366639263,-0.681528226941964,-0.663164166528766,-0.678457758248339,-0.675348543553515,-0.679021089867981,-0.675373130522646,-0.675830874270006,-0.673357148244674,-0.677162307091678,-0.67197182219456,-0.691946992241093,-0.671405333073517,-0.669265373079994,-0.673620678957582,-0.673855893366782,-0.667461823034881,-0.684148637403625,-0.679492176935268,-0.675015222201729,-0.67032334292636,-0.674013169309977,-0.685151798289803,-0.667119584692538,-0.675458695303655,-0.68680463219562,-0.669730839499141,-0.673710299896323,-0.665706444279629,-0.672143216663241,-0.679682445900643,-0.677887622173442,-0.670108700969499,-0.691295506832123,-0.676932135572301,-0.662760523768323,-0.680273507560711,-0.67228661463429,-0.677751192294507,-0.679120500689282,-0.670398832804804,-0.678465176367138,-0.678409213130871,-0.676757404632589,-0.666890340118263,-0.662815908306683,-0.686990971666319,-0.680041255318938,-0.678740875580726,-0.665809581921473,-0.677253562081962,-0.675052275129636,-0.669154752310159,-0.677677807785558,-0.671265865908325,-0.674862996129107,-0.66867645816693,-0.67514417234687,-0.676129676827275,-0.689425255951309,-0.668558801621087,-0.680081918666439,-0.670077819788683,-0.68451386907524,-0.679003444582583,-0.681270223145022,-0.682502486237667,-0.675286085468989,-0.691349824029254,-0.669771432300124,-0.673145818977126,-0.678598529319245,-0.681003136033246,-0.678046660246018,-0.674934801360941,-0.668646329604145,-0.678479620115684,-0.669466809552914,-0.669694480155265,-0.663445551358701,-0.681719502116764,-0.67908306741967,-0.675913739485485,-0.682724586663127,-0.667152390600083,-0.68086534411142,-0.665100320782429,-0.688018324239449,-0.676455772307563,-0.675611451209145,-0.676685157919775,-0.670296910537692,-0.67342167871628,-0.658716177457358
625,1,1000,-0.711632289941809,-0.712732416228992,-0.707048949500417,-0.704364402360505,-0.702674229199577,-0.704197981815354,-0.69966877962815,-0.700917204404721,-0.705376772652344,-0.708897828163426,-0.716859030590046,-0.695781407322745,-0.699748540853431,-0.715292247452354,-0.707245823195712,-0.699337978959991,-0.710670881925399,-0.694327880596145,-0.696594428161761,-0.709318799578946,-0.695439120878653,-0.699671584251599,-0.702362272447417,-0.698575687186448,-0.711225093075288,-0.697474250107496,-0.693652683344338,-0.718206731522865,-0.700220400604758,-0.701230205334066,-0.710152563317854,-0.706039616601481,-0.704796489669848,-0.701354138917339,-0.690612865069208,-0.696388401138224,-0.706292641682861,-0.69594666684979,-0.69981903392779,-0.704818857177682,-0.693531881153722,-0.702965354234214,-0.702000013598276,-0.701517235851973,-0.698695181527915,-0.705819301309533,-0.699912524730388,-0.700389408998418,-0.712285823581865,-0.710934480659102,-0.711562069527042,-0.709293069444155,-0.700316499046189,-0.699221884280649,-0.707170405215917,-0.705484284422634,-0.706235588968286,-0.705995859300205,-0.695393153982099,-0.706770427765532,-0.701878557501797,-0.707284527761061,-0.715242595832056,-0.709788144347076,-0.707768229340932,-0.701312588150082,-0.702173004099015,-0.698224089474328,-0.699185909408226,-0.708480946346709,-0.702670988408867,-0.701325189697009,-0.701057967300123,-0.689848069985868,-0.690068436606867,-0.709162253772714,-0.698301096366736,-0.707716085155293,-0.70404173603094,-0.700606760002957,-0.70459031917507,-0.700401556811829,-0.711270218224664,-0.710285444158103,-0.696779969499701,-0.710866699565246,-0.712219842481309,-0.705448442785322,-0.714658575230758,-0.712772452743831,-0.691705904820306,-0.695326880145465,-0.707489886980985,-0.707091603835785,-0.710628384279175,-0.703578771630412,-0.714452130700963,-0.700253811911205,-0.698263227910476,-0.697021843389102,-0.709261282298496,-0.717880398603343,-0.706960928316284,-0.712937858051659,-0.709506077846831,-0.715601434140622,-0.707289978542555,-0.69454135433684,-0.704437177463531,-0.710075232588739,-0.708366395742933,-0.700261172074718,-0.695715470018438,-0.701521318106948,-0.697467536843713,-0.693275493128915,-0.705089474767731,-0.706778987207602,-0.707992636961207,-0.698012170699953
700,1,1000,-0.715894707715174,-0.73020352158258,-0.721225147499204,-0.734117176559926,-0.732295812608084,-0.72123631063935,-0.744151405709315,-0.731727643738864,-0.726385560026788,-0.73883935572674,-0.72546511817566,-0.738944219931372,-0.742494525756002,-0.730332506840059,-0.734002465801621,-0.721051858548006,-0.727229256378699,-0.736749581989384,-0.734509160038218,-0.739412291350095,-0.73178135432403,-0.73183312563508,-0.725783518460905,-0.72807060664742,-0.726931178643306,-0.731184068356142,-0.734007738518614,-0.743781342188245,-0.733552913172494,-0.733259676026018,-0.736240812339631,-0.720227234743927,-0.72902729776491,-0.72194315153543,-0.723003718360605,-0.737270250711277,-0.736367961580371,-0.732500536356369,-0.726135977959646,-0.717370920174159,-0.720195585320359,-0.73342509010004,-0.733170363551142,-0.727481213021933,-0.731883220212456,-0.730243512726278,-0.731828128003447,-0.730076320836826,-0.717390019120475,-0.729655417176828,-0.7328853105656,-0.714871556954498,-0.725009837106946,-0.733652039328337,-0.734259531209868,-0.73577391406855,-0.735378008674898,-0.736790070942084,-0.733576965532637,-0.721158070117459,-0.727313681273811,-0.72836831440672,-0.736404545475657,-0.731793469941788,-0.720795753850097,-0.727466148773636,-0.738209195657205,-0.731146539402584,-0.735468974392722,-0.726111572695867,-0.73503757237116,-0.731766746970442,-0.719978912079909,-0.72685690050271,-0.724240846898622,-0.733614435221216,-0.722741870187226,-0.73584464445617,-0.715176701780262,-0.73009057165275,-0.731173797496051,-0.729340592554175,-0.732849357977159,-0.727873590356081,-0.72861176338283,-0.736161998084274,-0.727708739558248,-0.725906982055689,-0.728227562504906,-0.730357035488221,-0.725627342414555,-0.726723793517501,-0.727217298477432,-0.71992147613661,-0.729683073986512,-0.730137202773469,-0.740048487307367,-0.736035753288936,-0.72887298946885,-0.734235491780534,-0.724640952532631,-0.728787931539426,-0.742637821985869,-0.727689759410425,-0.734474868635958,-0.729027301866061,-0.731481782109391,-0.731643457200592,-0.727287596534615,-0.735519211482208,-0.719583113506202,-0.720275541292114,-0.736507012518259,-0.71401554325489,-0.720427267773589,-0.727660346264909,-0.724276817679978,-0.728010028669379,-0.725597289788738,-0.726667874572766
